INSERT INTO public."USER" (id, joinDate, email, password, username, banned, confirmed) VALUES (1, '2014-12-01 03:31:00.672000', 'maciekdeb+111@gmail.com', '$2a$10$N4tVWsIiA8EVUZmy8ihKyOfOQsRw2EKQY3kptBuAFBaZhy0MywD1K', 'maciej', FALSE, TRUE);
INSERT INTO public."USER" (id, joinDate, email, password, username, banned, confirmed) VALUES (2, '2014-12-01 03:31:00.672000', 'maciekdeb+222@gmail.com', '$2a$10$eiW1nYoFFMzDCtSD7qq2cesYwkg6FK74TkMUdrW4ZCIC7AE1v8RIq', 'adam', FALSE, TRUE);
INSERT INTO public."USER" (id, joinDate, email, password, username, banned, confirmed) VALUES (3, '2014-12-01 03:31:00.672000', 'maciekdeb+333@gmail.com', '$2a$10$gPw7DfSENcqMIwdP36A.OOndOkO46Krpl/6/TJAIRDXFlHlx88nLy', 'grzegorz', FALSE, TRUE);

INSERT INTO public."ROLE" (role_id, role_name) VALUES (1, 'ROLE_ADMIN');
INSERT INTO public."ROLE" (role_id, role_name) VALUES (2, 'ROLE_EDITOR');
INSERT INTO public."ROLE" (role_id, role_name) VALUES (3, 'ROLE_USER');

INSERT INTO public."USER_ROLE" (user_id, role_id) VALUES (1, 1);
INSERT INTO public."USER_ROLE" (user_id, role_id) VALUES (2, 2);
INSERT INTO public."USER_ROLE" (user_id, role_id) VALUES (2, 3);
INSERT INTO public."USER_ROLE" (user_id, role_id) VALUES (3, 3);

INSERT INTO public."ENTRY" (id, content, creation_date, title, author_id) VALUES (1, 'W nocy z czwartku na piątek (25-26 grudnia), na drogach województwa łódzkiego może pojawić się lód - ostrzega Wojewódzkie Centrum Zarządzania Kryzysowego przy łódzkim Urzędzie Wojewódzkim. - Prognozuje się spadek temperatury powietrza poniżej 0°C, powodujący zamarzanie mokrych nawierzchni dróg i chodników - czytamy w komunikacie wydanym przez Centrum Zarządzania Kryzysowego. - Temperatura minimalna wyniesie od -4°C do -2°C, przy gruncie do -4°C. W Łódzkiem ochłodzenie nastąpi od godz. 1 w nocy, 26 grudnia i potrwać ma do godz. 8. Zjawisko ma występować na terenie całego województwa. Policjanci, którzy prowadzą na drogach akcję "Bezpieczne święta" przypominają, by przed wyjazdem przygotować samochód do warunków zimowych. Warto też pamiętać o dostosowaniu prędkości do warunków na drodze.', '2014-12-01 20:05:41.198000', 'Uwaga! W nocy na drogach w Łódzkiem może pojawić się lód', 2);
INSERT INTO public."ENTRY" (id, content, creation_date, title, author_id) VALUES (2, 'Od środy (24 grudnia) można głosować na najładniejszą choinkę wystawioną przez sklepy z ulicy Piotrkowskiej. Głosowanie trwać będzie do 31 grudnia na profilu inicjatywy Żywa Piotrkowska na Facebooku. Przed świętami kupcy i restauratorzy z Piotrkowskiej ustawili przed swoimi sklepami 60 zielonych choinek. 30 zostało udekorowanych przez dzieci z łódzkich szkół i przedszkoli. Autorzy wybranej przez internautów najładniejszej choinki otrzymają w nagrodę bilety do kina Silver Screen.', '2014-12-02 20:05:41.198000', 'Najładniejsza choinka na Piotrkowskiej. Konkurs inicjatywy Żywa Piotrkowska', 2);
INSERT INTO public."ENTRY" (id, content, creation_date, title, author_id) VALUES (3, 'Komisja finansów Rady Miejskiej w Łodzi poddała dogłębnej analizie wydatki miasta, zapisane w projekcie budżetu Łodzi na 2015 rok. Większość wydziałów Urzędu Miasta Łodzi i jednostek organizacyjnych miasta zadeklarowała, że ma za mało pieniędzy na przyszłoroczne wydatki, ale żaden urzędnik nie zwrócił się do radnych, aby zwiększyli pulę pieniędzy w budżecie. W projekcie budżetu Łodzi na 2015 roku zapisano 4,12 mld zł na wydatki. Najwięcej z tej puli zostanie wydane na duże inwestycje, czyli przebudowę trasy W-Z, budowę węzła multimodalnego wokół dworca Łódź Fabryczna i rewitalizację EC1, ale nie o tych zadaniach chcieli wczoraj rozmawiać radni.Skupili się na drobnych, ale ważnych wydatkach miasta. Radny Włodzimierz Tomaszewski (PiS) pytał o wydatki na rewitalizację i gospodarkę mieszkaniową. Jego zdaniem magistrat za mało pieniędzy przeznacza na ten cel. Za dużo natomiast zaplanował na gospodarkę odpadami.Radny Marcin Zalewski (PiS) pytał, ile władze miasta chcą przeznaczyć rozbiórkę zrujnowanych kamienic. Obecnie w Łodzi jest około stu budynków, wyłączonych z użytkowania. Nie ma decyzji, czy te rudery rozebrać, zrewitalizować czy sprzedać. Na przyszłoroczne rozbiórki ma być przeznaczony milion złotych. Koszt rozebrania dużej kamienicy to 500 tys. zł. Mniejszej - 150 tys. zł. To oznacza, że w przypadku katastrofy budowlanej w budżecie będą pieniądze na rozbiórkę dwóch dużych ruder lub sześciu małych. Urszulę Niziołek-Janiak (PO) zainteresowały planowane wydatki na odwodnienie miasta. W przyszłym roku Łódź chce wydać 500 tys. zł na dokumentację, związaną z projektem odwodnienia, wartym aż 125 mln zł. Projekt ma trwać do 2027 roku. Zakłada budowę zbiorników retencyjnych i systemów odwadniających miejsc, które są najczęściej zalewane wodami opadowymi. Dotyczy to przede wszystkim osiedli: Mileszki, Nowosolna, Stoki, Sikawa i Wiskitno. Radni zwrócili też uwagę na podział pieniędzy dla placówek kultury. W przyszłym roku więcej dostaną: teatr Arlekin, Fabryka Sztuki, Centrum Dialogu im. Edelmana i EC1. Mniej o 100 tys. zł dostanie Muzeum Miasta Łodzi, Muzeum Włókiennictwa i Teatr Nowy. O 100 tys. zł mniejsza będzie pula na Festiwal Cztrech Kultur. Radnych interesowało też, jakie wydatki ponosi miasto w związku z ubezpieczeniem majątku gminy. Dowiedzieli się, że umowa na lata 2014 - 2016 opiewa na roczne wydatki rzędu 6,6 mln zł. To i tak tanie ubezpieczenie, bo kilka lat temu kosztowało 11 mln zł.', '2014-12-03 20:05:41.198000', 'Budżet Łodzi na 2015 rok. Radni przyglądali się planom wydatków miejskich', 2);
INSERT INTO public."ENTRY" (id, content, creation_date, title, author_id) VALUES (4, 'Od 2016 roku zmienią się trasy MPK, autobusy i tramwaje będą jeździć w regularnych odstępach, pojawi się nowy tabor, zmieni się numeracja linii.Pod koniec stycznia władze Łodzi przedstawią plan transportowy. Zostanie on poddany konsultacjom społecznym, aby wejść w życie w 2016 roku. Plan zakłada zmianę tras autobusów i tramwajów MPK. Mają one jeździć w regularnych odstępach czasowych. Na ulice ma wyjechać nowy tabor. Priorytetem będą tramwaje. Transport szynowy ma być kręgosłupem komunikacji miejskiej, natomiast autobusy będą dowozić łodzian z osiedli do wspólnych węzłów przesiadkowych.A tam będzie można przesiadać się bezpośrednio z autobusu do tramwaju. Zmianie ulegnie również numeracja linii MPK. Obecnie są m.in. linie 69, 69A i 69B. Łodzianie nie wiedzą, jaką trasę mają mutacje podstawowej linii. Przyjezdni tym bardziej nie są w stanie połapać się w tej numeracji. Pojawił się pomysł, żeby zamiast liter przy numerze linii pojawiły się cyfry. Podstawowa linia 69 miałaby numer 169, zaś jej mutacje 69A i 69B miałyby numery odpowiednio 269 i 369. Podczas konsultacji mogą pojawić się jednak inne propozycje. Podobnie jak przy wyznaczaniu nowych tras MPK. - Komfort transportu publicznego odbiega od standardów. To, co jest mało doskonałe w MPK, trzeba udoskonalić - powiedział Marek Cieślak, wiceprezydent Łodzi. - Nie mamy monopolu na pomysł sprawnej komunikacji miejskiej, dlatego chcemy poddać pod konsultację plan transportowy. Będą to największe konsultacje, jakich jeszcze nigdy w Łodzi nie było. Niech wreszcie transport publiczny będzie przyjazny dla podróżnych. Plan transportowy ma opierać się na czterech filarach. Pierwszym są projekty drogowe i torowe, poprawiające infrastrukturę, aby nowy tabor miał po czym jeździć. Drugi filar to zakup autobusów i tramwajów. Trzeci dotyczy całego systemu komunikacji miejskiej, zaś ostatni dotyczy tworzenia węzłów przesiadkowych z priorytetem dla tramwajów. Aby to było możliwe, rozważana jest przebudowa linii tramwajowej ŁTR.', '2014-12-04 20:05:41.198000', 'Rewolucja w komunikacji miejskiej w Łodzi. Od 2016 roku autobusy i tramwaje zmienią trasy', 2);
INSERT INTO public."ENTRY" (id, content, creation_date, title, author_id) VALUES (5, 'Dobiega końca śledztwo w sprawie głośnej afery firmy Amber Gold, która okazała się piramidą finansowa. Efekt był taki, że - według śledczych - ponad 18 tys. osób straciło 851 mln zł. - Prowadzimy czynności końcowe i wszystko wskazuje na to, że do końca kwietnia 2015 roku uda nam się zakończyć śledztwo i sporządzić akt oskarżenia, który trafi do Sądu Okręgowego w Gdańsku - mówi Krzysztof Kopania, rzecznik Prokuratury Okręgowej w Łodzi. Kopania dodaje, że firma Amber Gold wbrew spekulacjom nie była pralnią brudnych pieniędzy, zaś pozyskiwane przez nią pieniądze pochodziły z lokat klientów.', '2014-12-05 20:05:41.198000', 'Afera Amber Gold. Śledztwo dobiega końca. Pieniądze klientów wydawano na samochody i pensje', 2);
INSERT INTO public."ENTRY" (id, content, creation_date, title, author_id) VALUES (6, 'Biletomat w autobusie jest, ale nie działa. Czy w takiej sytuacji MPK może wystawić pasażerowi mandat za jazdę na gapę? Okazuje się, że może. Przekonał się o tym pan Radosław, który we wrześniu został potraktowany ja gapowicz. - Wsiadłem do autobusu, który miał na drzwiach napis "Automat Biletowy". Okazało się jednak, że automat nie działał, więc nie mogłem kupić biletu. Na następnym przystanku wsiedli kontrolerzy i oczywiście dostałem mandat. Na moje żądanie kontroler dopisał na mandacie, że w trakcie kontroli automat nie był sprawny.', '2014-12-06 20:05:41.198000', 'Łodzianin nie kupił biletu, bo biletomat w autobusie był zepsuty. Mimo to dostał mandat', 2);
INSERT INTO public."ENTRY" (id, content, creation_date, title, author_id) VALUES (7, 'Łódzcy dominikanie cieszą się ogromną popularnością jako spowiednicy - podkreśla pan Robert, jeden z wiernych. - To niezrozumiałe, że biskup nie uwzględnia dobra wiernych, korzystających z posługi ojców z klasztoru w samym centrum miasta - dodaje. Dominikanie od lat cieszą się w Łodzi opinią dobrych spowiedników. Tradycyjnie już tuż przed Wielkanocą organizują przyciągającą wielu wiernych Noc Spowiedzi. Z zasady nie spowiadają też w czasie mszy świętych i nabożeństw, lecz w wyznaczonych terminach. Na dodatek prawo do udzielania odpustów zupełnych otrzymały w swojej kaplicy pomagające biednym siostry Misjonarki Miłości. Kaplica ta służy podopiecznym sióstr, czasem msze święte odprawiają też dominikanie. - To tym bardziej dziwne, bo z pewnością nie jest ona miejscem tłumnie odwiedzanym przez wiernych - mówi pan Robert.', '2014-12-07 20:05:41.198000', 'Dominikanie z Łodzi nie mogą u siebie udzielać wiernym odpustu zupełnego', 2);
INSERT INTO public."ENTRY" (id, content, creation_date, title, author_id) VALUES (8, 'W poniedziałek (22 grudnia) Zarząd Dróg i Transportu poinformował o świątecznych zmianach na łódzkich drogach. W sobotę (27 grudnia) ekipy budowlane miały otworzyć dla kierowców niemal całe skrzyżowanie ul. Narutowicza z ul. Sienkiewicza. Zamknięta pozostanie jedynie wschodnia część skrzyżowania, gdzie wciąż jeszcze trwają prace drogowe. Zgodnie ze schematem zamieszczonym na stronie ZDiTu od dziś kierowcy jadący ul. Sienkiewicza nie mogą skręcić w prawo w ul. Narutowicza. Zamiast tego muszą jechać w lewo do ul. Wschodniej, na której przywrócono ruch dwukierunkowy (tylko odcinek od ul. Narutowicza do ul. Jaracza). Osoby poruszające się ul. Narutowicza od ul. Wschodniej mają nakaz skręcenia w prawo w ul. Sienkiewicza. Zaś dla kierowców jadących od ul. Kilińskiego ma być dostępny tylko jeden pas ruchu. Trasy tramwajów nie ulegną zmianie. Podobnie będzie z autobusami linii 57 i Z5, których zmiany na skrzyżowaniu ul. Narutowicza i ul. Sienkiewicza nie obowiązują. Zmian organizacji ruchu nie odczuli kierowcy, którzy w sobotę wjechali na skrzyżowanie. Jadąc od strony ul. Sienkiewicza witało ich wygrodzone barierkami zwężenie prawej strony jezdni. Niestety zamiast znaku nakazu skrętu w lewo na słupie wciąż wisi nakaz jazdy w prawo. Tych, którzy pojechali zgodnie z wytycznymi ZDiTu na wprost przez skrzyżowanie, żeby skręcić w ul. Narutowicza w stronę ul. Piotrkowskiej czekała niemiła niespodzianka. Drogę blokują barierki. Zdjęto tylko jedno przęsło przez co skręcanie samochodem jest utrudnione. Po dojechaniu do skrzyżowania z ul. Wschodnią wcale nie jest lepiej. Tu powieszono znak informujący o ruchu dwukierunkowym, wciąż jednak nie zabrano barierek blokujących jeden pas jezdni. Kierowcy jadący ul. Narutowicza od strony ul. Kilińskiego, tak jak poinformował ZDiT, mają dostępny tylko jeden pas ruchu. Niestety znaki ciągle zmuszają łodzian do skręcenia w lewo w ul. Sienkiewicza. Gdy za zaś pojazd porusza się od strony ul. Wschodniej nie ma żadnego oznakowania informującego o konieczności skrętu w prawo. Pojawiły się problemy związane ze sterownikiem od sygnalizacji świetlnej. Pracownicy Strabagu walczą już z tym od rana. Muszą przeprogramować system świetlny. Próbę generalną zaplanowali na godz. 19. Jeśli wszystko pójdzie dobrze, jeszcze dziś pojedziemy przez skrzyżowanie ul. Sienkiewicza i ul. Narutowicza tak jak poinformowaliśmy na początku tygodnia - tłumaczy Wojciech Kubik, rzecznik Zarządu Dróg i Transportu.', '2014-12-08 20:05:41.198000', 'Otworzono skrzyżowanie ul. Narutowicza z ul. Sienkiewicza', 2);
INSERT INTO public."ENTRY" (id, content, creation_date, title, author_id) VALUES (9, 'O dwuletnim Adasiu spod Krakowa słyszeli chyba wszyscy. Kilka tygodni temu chłopczyk w nocy wyszedł z domu. Miał na sobie tylko piżamkę i prawie zamarzł. Gdy trafił do szpitala, temperatura jego ciała wynosiła tylko 12 stopni. Lekarzom z Kliniki Kardiochirurgii Dziecięcej w Uniwersyteckim Szpitalu w Prokocimiu, której szefem jest prof. Janusz Skalski, udało się uratować chłopca. Informacja obiegła cały świat. W prasowych i internetowych nagłówkach słowo cud odmieniano przez wszystkie przypadki. Rozmawiałem o tym z naszym arcybiskupem i powiedziałem, że dla mnie to żaden cud - mówi prof. Jacek Moll, kardiochirurg z łódzkiego Instytutu Centrum Zdrowia Matki Polki. Bo prof. Moll wie, że Adasia uratowano dzięki nowoczesnej technologii - krążeniu pozaustrojowemu, z którego na sali operacyjnej korzysta niemal co dzień. Prof. Andrzej Piotrowski, do niedawna szef Kliniki Intensywnej Terapii w szpitalu na Spornej, dodaje, że oprócz wiedzy medycznej chłopcu pomogła znakomicie zorganizowana akcja ratunkowa. I przypomina podobny "cud", którego doświadczył trzy lata temu.', '2014-12-09 20:05:41.198000', 'W łódzkich szpitalach dzieją się cuda', 2);
INSERT INTO public."ENTRY" (id, content, creation_date, title, author_id) VALUES (10, 'Kobieta spała na klatce jednego z bloków na Teofilowie z kolegą. To właśnie mężczyzna po przebudzeniu stwierdził, że jego kompanka nie żyje. Ze wstępnych ustaleń policji wynika, że kobieta zmarła z przyczyn naturalnych. Funkcjonariusze wyjaśniają sprawę.', '2014-12-10 20:05:41.198000', 'Martwa kobieta na klatce jednego z bloków na łódzkim Teofilowie', 2);
INSERT INTO public."ENTRY" (id, content, creation_date, title, author_id) VALUES (11, 'Prof. Stanisław Bielecki, rektor Politechniki Łódzkiej: Zaplanowaliśmy wiele uroczystości, podczas których podsumowując przeszłość i pokazując nasz dorobek, będziemy spoglądali w przyszłość. A mamy powody do satysfakcji, jako że od lat jesteśmy czwartą uczelnią techniczną w Polsce. Wyprzedzają nas tylko dużo większe ośrodki, ze znacznie dłuższymi tradycjami akademickimi, czyli Warszawa, Kraków i Wrocław. Organizujemy wiele konferencji, spotkań, warsztatów - nie tylko w Łodzi, ale także w innych miejscach w Polsce. Odbędzie się wspólne posiedzenie senatów łódzkich uczelni. Będziemy też razem gościli Konferencję Rektorów Akademickich Szkół Polskich. Przyjadą na nią rektorzy polskich uczelni, a także wielu znakomitych gości z całego świata. Ale szczególnie dumni jesteśmy z przyznania doktoratu honoris causa profesorowi Ariehowi Warshelowi. To ubiegłoroczny laureat Nagrody Nobla w dziedzinie chemii, którą w Politechnice Łódzkiej 70 lat temu tworzyli wybitni naukowcy, a wśród nich prof. Alicja Dorabialska, uczennica Marii Curie-Skłodowskiej. Trudno o lepsze rekomendacje. Tytuły doktora honoris causa nadajemy osobom, z którymi łączy nas wieloletnia współpraca. To, że nasi naukowcy mają okazję na co dzień pracować z laureatem Nagrody Nobla, świadczy o poziomie naukowym, jaki reprezentujemy, ale także o stosowanych przez uczelnię metodach rozwoju kadry naukowej.Chcemy też przybliżyć nasze osiągnięcia społeczeństwu. Służy temu m.in. cykl artykułów w "Wyborczej" "Innowacje, przyszłość, technologie", w którym prezentujemy użyteczne oraz interdyscyplinarne projekty prowadzone z polskimi i światowymi ośrodkami naukowymi i przemysłowymi. Kolejne przedsięwzięcie to konkurs na najlepsze wdrożenia naszych naukowców. Nazwaliśmy go "Nauka się oPŁaca", bo pokazujemy w nim technologie, które trafiły do przemysłu, zostały tam wdrożone, a ich efekty przynoszą firmie konkretne i wymierne korzyści. W kapitule konkursu, która oceni wdrożenia pod kątem biznesowym i naukowym, są bardzo znane osoby: prof. Krzysztof Kurzydłowski - dyrektor Narodowego Centrum Badań i Rozwoju; prof. Maciej Żylicz - prezes zarządu Fundacji na Rzecz Nauki Polskiej, Krzysztof Pietraszkiewicz - prezes Związku Banków Polskich, Jacek Kaczorowski - prezes zarządu PGE Górnictwo i Energetyka Konwencjonalna oraz Wiesław Piłat - dyrektor generalny Polmosu Żyrardów. Będzie też coś dla mieszkańców. Na urodziny Politechniki zapraszamy łodzian do Manufaktury w jeden z weekendów. Tam przedstawimy, czym się zajmujemy, co osiągnęliśmy, i spróbujemy pokazać pewne wzorce współczesnej popularyzacji nauki. Angażuje się w to wydarzenie wielu naszych studentów z kół naukowych. Mieszkańcy bardzo ciepło reagują na podobne nasze akcje. Wszystko będzie się odbywało pod hasłem "Rozkręcamy cał(k)ą Łódź".', '2014-12-11 20:05:41.198000', '70-lat PŁ. Nowe budynki, drogi sprzęt, zagraniczna kadra', 2);
INSERT INTO public."ENTRY" (id, content, creation_date, title, author_id) VALUES (12, 'Do zdarzenia doszło w Boże Narodzenie (25 grudnia). Po awanturze domowej z konkubiną 31-letni mieszkaniec Zduńskiej Woli wybiegł z mieszkania i udał się na spacer. Mężczyzna postanowił wyładować złość na samochodzie osobowym marki Volkswagen Golf stojącym na parkingu przy ul. Srebrnej. Wziął kamień i powybijał nim szyby: przednią, tylną oraz obie boczne od strony pasażera. Uciekając z miejsca zdarzenia, został zauważony przez patrolujących ulicę policjantów, którzy po krótkim pościgu zatrzymali mężczyznę. Jak się okazało, był nietrzeźwy. Miał w organizmie aż półtora promila alkoholu. Sprowadzony na miejsce właściciel samochodu wycenił straty na tysiąc złotych. Sprawca będzie musiał naprawić wyrządzone szkody. Oprócz tego z uwagi na to, że mężczyzna działał w ramach recydywy, grozi mu 7,5 roku pozbawienia wolności.', '2014-12-12 20:05:41.198000', 'Wyładował złość na cudzym samochodzie. Grozi mu siedem lat więzienia', 2);
INSERT INTO public."ENTRY" (id, content, creation_date, title, author_id) VALUES (13, 'W sobotę (27 grudnia) policjanci i straż pożarna interweniowali w sklepie przy ul. św. Antoniego w Tomaszowie Mazowieckim. Na miejscu doszło do podtrucia tlenkiem węgla trzech pracowników. Jak wynika ze wstępnych ustaleń, trujący tlenek uwalniał się z zepsutego pieca gazowego ogrzewającego pomieszczenie. Po przybyciu strażaków sklep został dokładnie przewietrzony i po zbadaniu stężenia tlenku węgla - dopuszczony do dalszego użytkowania. Trzech podtrutych pracowników odwieziono do szpitala.', '2014-12-13 20:05:41.198000', 'Tomaszów Mazowiecki. Zatruli się tlenkiem węgla w sklepie', 2);
INSERT INTO public."ENTRY" (id, content, creation_date, title, author_id) VALUES (14, 'Microsoft ostatnio dużo eksperymentuje z łączeniem swoich usług internetowych. Możemy się tylko dziwić, że firma z tak bogatym portfolio robi to dopiero teraz, całe lata po tym, jak Google wytyczyło trend Wielkiej Unifikacji. Lepiej jednak późno niż wcale – użytkownicy pakietu biurowego Office Online mogą korzystać z czatów Skype w swoich dokumentach. Zaczęło się od przeprowadzonej w marcu tego roku integracji Skype z webowym klientem Outlook.com. Z webowego interfejsu poczty możliwe się stało wykonywanie połączeń audio i wideo, o ile użytkownik zainstalował odpowiednią wtyczkę do przeglądarki (wstyd Microsofcie, a co z wizją bezwtyczkowych przeglądarek?) i połączył ze sobą konta Skype i Windows Live. Osiągnięcie tego nie było łatwe, premiera Skype w Outlooku nastąpiła z ponad rocznym opóźnieniem.', '2014-12-14 20:05:41.198000', 'Skype w webowym pakiecie biurowym Microsoftu – czy nie za późno?', 2);
INSERT INTO public."ENTRY" (id, content, creation_date, title, author_id) VALUES (15, 'Od wczoraj w Japonii telekom KDDI ma w swojej ofercie Fx0 – nowe, spektakularnie wyglądające telefony z Firefox OS-em. Według Andreasa Gala, dyrektora techniczego Mozilli, to najbardziej zaawansowane smartfony z systemem Mozilli, które nie tylko ucieleśniają otwartość swoim efektownym przezroczystym wzornictwem, ale też pozwalają geekom i innym użytkownikom stać się twórcami Webu. Czy mamy do czynienia z ostatnią próbą Mozilli, by przekonać ludzi do swojego mobilnego systemu? Pierwsze telefony z Firefox OS-em Mozilla pokazała w kwietniu zeszłego roku. Mimo niedostatków sprzętowych i software''owych, przeznaczone głównie dla deweloperów Geeksphone Keon i Peak przywitano ciepło. Analitycy zakładali, że telefony z ognistym liskiem do końca 2013 roku zdobędą około 1% globalnego rynku. Dzisiaj, choć w swojej ofercie ma je 14 operatorów z 28 krajów, do tego 1% nawet się nie zbliżyliśmy. Ten stan rzeczy tłumaczy się kiepską ofertą sprzętową. W erze iPhone''a 6 nawet najlepsze smartfony z Firefox OS-em wyglądały kiepsko. Mozilla goniąc za fantazją o smartfonach 25 dolarów zdołała za to „pochwalić się” telefonem CloudFX, ustępującym Nokiom z Symbianem sprzed siedmiu lat i przeznaczonym ewidentnie do znęcania się nad ubogimi mieszkańcami Indii czy Afryki. KDDI Fx0 ma zmienić ten obraz rzeczy. Smartfon wygląda naprawdę ciekawie, wyróżnia się na tle tych wszystkich kawałków wyświetlacza z doklejoną baterią, zamykanych w coraz to cieńszych obudowach. Jego projektantem jest Tokujin Yoshioka, jeden z najbardziej znanych japońskich artystów, o którego prace walczą luksusowe butiki i którego prace, takie jak „Venus – Natural crystal chair” czy „Clouds – Installation” weszły do kanonu współczesnej sztuki. Przezroczysta obudowa, otaczająca misternie ułożoną wewnętrzną strukturę urządzenia, symbolizować ma wartości Mozilli – otwartość, wolność i transparentność.', '2014-12-15 20:05:41.198000', 'Fx0: w swoim nowym flagowym smartfonie Mozilla stawia na piękne wzornictwo', 2);
INSERT INTO public."ENTRY" (id, content, creation_date, title, author_id) VALUES (16, 'Od pewnego czasu miałem chęć zrobić sobie ozdobę świąteczną. Coś ze świecącymi diodami, których sekwencję mógłbym sam zaprogramować według gustu. W zeszłym roku kupiłem zestaw do samodzielnego montażu w kształcie gwiazdy z myślą o przerobieniu tego tak, aby sterować światełkami za pomocą Arduino. Jednak okazało się, że nie tylko musiałbym się sporo nalutować bardzo małych elemencików, to na dodatek w płytce nie było nawierceń na układy. Poza tym pozostawał problem jak to połączyć z Arduino. Zabrakło czasu, chęci i determinacji i nic z tego nie wyszło. Nic dziwnego, że gdy w październiku zobaczyłem w popularnym sklepie internetowym produkt AdaFruit NeoPixel Ring od razu pomyślałem o moim niedokończonym projekcie. Ledowe kółko bardzo upraszczało wykonanie pomysłu. Od razu więc kupiłem jedną sztukę.', '2014-12-16 20:05:41.198000', 'Zrób sobie sam świąteczną gwiazdę z Arduino', 2);
INSERT INTO public."ENTRY" (id, content, creation_date, title, author_id) VALUES (17, 'Blokus nie jest bardzo popularną grą, ale posiadacze PlayStation mogli się z nią zetknąć. Gra powstała jakieś 14 lat temu i bardzo długo była dostępna w Sieci. W 2009 roku trafiła w ręce firmy Mattel, która wydała Blokusa w postaci bardzo dobrze wykonanej planszówki. Gra ma jedną zasadę, której opanowanie nawet dzieciom przychodzi łatwo, i jeden cel – dominację na planszy. Blokus został wynaleziony przez Bernarda Tavitiana – matematyka, projektanta gier i inżyniera. Pierwsze wydania planszowe ukazywały się nakładem francuskiego wydawnictwa Sekkoïa, a równolegle były dostępne w Sieci pod adresem Blokus.com w postaci kiepskich, pełnych błędów appletów Javowych. Ich podstawową zaletą była możliwość grania ze znajomymi na odległość. W 2007 roku pokazała się wersja we Flashu. W międzyczasie Blokus zyskał uznanie Mensy i liczne nagrody, gdyż okazał się świetną grą edukacyjną.', '2014-12-17 20:05:41.198000', 'Blokus – doskonała rodzinna strategia… taki Tetris, tylko na odwrót', 2);

INSERT INTO public."HASH_TAG" (id, name) VALUES (1, 'wiadomosci');
INSERT INTO public."HASH_TAG" (id, name) VALUES (2, 'lodz');
INSERT INTO public."HASH_TAG" (id, name) VALUES (3, 'pc');

INSERT INTO public."ENTRY_HASH_TAG" (entry_id, hash_tag_id) VALUES (1, 1);
INSERT INTO public."ENTRY_HASH_TAG" (entry_id, hash_tag_id) VALUES (1, 2);
INSERT INTO public."ENTRY_HASH_TAG" (entry_id, hash_tag_id) VALUES (2, 1);
INSERT INTO public."ENTRY_HASH_TAG" (entry_id, hash_tag_id) VALUES (2, 2);
INSERT INTO public."ENTRY_HASH_TAG" (entry_id, hash_tag_id) VALUES (14, 2);
INSERT INTO public."ENTRY_HASH_TAG" (entry_id, hash_tag_id) VALUES (15, 2);
INSERT INTO public."ENTRY_HASH_TAG" (entry_id, hash_tag_id) VALUES (16, 2);

